{"cameraMode":{"drawMode":0,"name":"Shaded","section":"Shading Mode"},"sceneLighting":true,"audioPlay":false,"sceneViewState":{"m_AlwaysRefresh":false,"showFog":true,"showSkybox":true,"showFlares":true,"showImageEffects":true,"showParticleSystems":true,"showVisualEffectGraphs":true,"m_FxEnabled":true},"in2DMode":false,"pivot":{"x":1484.4290771484375,"y":73.98467254638672,"z":-2435.51806640625},"rotation":{"x":0.00008825155236991122,"y":0.9997509717941284,"z":-0.022808117792010309,"w":0.004169429186731577},"size":4.76834774017334,"orthographic":false}