{"cameraMode":{"drawMode":0,"name":"Shaded","section":"Shading Mode"},"sceneLighting":false,"audioPlay":false,"sceneViewState":{"m_AlwaysRefresh":false,"showFog":true,"showSkybox":false,"showFlares":true,"showImageEffects":true,"showParticleSystems":true,"showVisualEffectGraphs":true,"m_FxEnabled":true},"in2DMode":false,"pivot":{"x":-0.05000000819563866,"y":0.5000025629997253,"z":-0.49999985098838808},"rotation":{"x":-0.02258198708295822,"y":0.7345519065856934,"z":-0.024478908628225328,"w":-0.6777464747428894},"size":0.7088741064071655,"orthographic":false}