{"cameraMode":{"drawMode":0,"name":"Shaded","section":"Shading Mode"},"sceneLighting":true,"audioPlay":false,"sceneViewState":{"m_AlwaysRefresh":false,"showFog":true,"showSkybox":true,"showFlares":true,"showImageEffects":true,"showParticleSystems":true,"showVisualEffectGraphs":true,"m_FxEnabled":true},"in2DMode":false,"pivot":{"x":1504.8275146484375,"y":81.27198791503906,"z":-2322.91748046875},"rotation":{"x":0.015266208909451962,"y":-0.9835616946220398,"z":0.10067525506019592,"w":0.14925633370876313},"size":6.056960105895996,"orthographic":true}